Expiry;UnderlyingTenor;Strike;Volatility
1M;1Y;-350bp;0.014774
1M;1Y;-300bp;0.013206
1M;1Y;-250bp;0.01159
1M;1Y;-200bp;0.009916
1M;1Y;-150bp;0.008164
